,# of trees,feature,%,std,median,mean,depth,node #,# samples (mean),# samples (median)
0,500,WOA_TEMP_K,100.0,1.9545054924777516,17.417398071289085,17.36312127685549,0,0,643.098,643.0
1,367,Depth_GEBCO,73.4,37.65344627452809,-36.5,-64.20572207084469,1,1,385.7368421052632,393.0
2,114,WOA_Nitrate,22.8,1.3089171831831736,7.959020137786865,7.779379989559713,1,1,385.7368421052632,393.0
3,19,WOA_TEMP_K,3.8,0.22111357329568973,14.450769042968773,14.478956041838016,1,1,385.7368421052632,393.0
4,285,WOA_TEMP_K,56.99999999999999,1.4995596055868468,22.993554687500023,22.528350830078143,1,2,302.6489361702128,307.0
5,121,Depth_GEBCO,24.2,1855.681319796181,-2017.0,-2145.6694214876034,1,2,302.6489361702128,307.0
6,94,WOA_Nitrate,18.8,1.9617645860113522,5.9220428466796875,4.631070386122992,1,2,302.6489361702128,307.0
8,163,Depth_GEBCO,32.6,1443.0787871084756,-103.0,-702.0,2,3,212.3953488372093,208.0
9,129,WOA_TEMP_K,25.8,4.018976918159486,8.957208251953148,10.788774168029335,2,3,212.3953488372093,208.0
7,208,WOA_Nitrate,41.6,2.5549181411550417,7.708664417266846,7.698639408971828,2,3,212.3953488372093,208.0
10,258,WOA_TEMP_K,51.6,3.5652113354383874,4.404748535156273,4.545204387339534,2,4,128.45,135.5
11,202,WOA_Nitrate,40.400000000000006,4.777777350061439,1.0669662952423096,4.0375822190527275,2,4,128.45,135.5
12,40,Depth_GEBCO,8.0,752.2741886891698,-63.0,-584.3875,2,4,128.45,135.5
13,180,WOA_TEMP_K,36.0,1.7678844106024283,21.290093994140648,22.060272386338998,2,5,142.0,138.0
14,169,WOA_Nitrate,33.800000000000004,1.809879912217303,5.891585350036621,4.933934441078785,2,5,142.0,138.0
15,151,Depth_GEBCO,30.2,1218.9962495709292,-1591.0,-1454.9569536423842,2,5,142.0,138.0
18,128,WOA_TEMP_K,25.6,3.332485571951096,24.678430175781273,23.331461286544823,2,6,133.28125,171.0
16,242,Depth_GEBCO,48.4,2180.2792081362486,-796.5,-2177.628099173554,2,6,133.28125,171.0
17,130,WOA_Nitrate,26.0,2.2129922615671473,2.3994576930999756,2.695870452861373,2,6,133.28125,171.0
20,131,WOA_Nitrate,26.200000000000003,5.880713168186474,7.642237663269043,7.956965556354013,3,7,137.3119266055046,142.0
21,109,Depth_GEBCO,21.8,1837.3232565978897,-107.0,-1146.9724770642201,3,7,137.3119266055046,142.0
19,260,WOA_TEMP_K,52.0,3.384953279581054,6.099694824218773,7.573122816819434,3,7,137.3119266055046,142.0
22,232,WOA_TEMP_K,46.400000000000006,5.083667458319292,1.1885620117187727,4.76486924270106,3,8,90.49152542372882,84.5
23,150,WOA_Nitrate,30.0,8.311941918769,7.6342644691467285,9.94873579437534,3,8,90.49152542372882,84.5
24,118,Depth_GEBCO,23.599999999999998,1622.7867912985482,-111.5,-913.5084745762712,3,8,90.49152542372882,84.5
25,191,WOA_TEMP_K,38.2,5.938683952213423,1.0748840332031477,4.287578930280619,3,9,48.32867132867133,40.0
26,166,Depth_GEBCO,33.2,921.8802315227082,-6.5,-218.40060240963857,3,9,48.32867132867133,40.0
27,143,WOA_Nitrate,28.599999999999998,9.703561583360615,14.56805419921875,13.647602447158807,3,9,48.32867132867133,40.0
30,108,WOA_Nitrate,21.6,7.502298969608039,8.576520442962646,9.358142067160871,3,10,35.03703703703704,34.0
28,219,WOA_TEMP_K,43.8,4.130885394555017,4.404748535156273,5.790907796223982,3,10,35.03703703703704,34.0
29,173,Depth_GEBCO,34.599999999999994,2051.442055983302,-22.5,-1382.135838150289,3,10,35.03703703703704,34.0
33,101,WOA_TEMP_K,20.200000000000003,2.9854336157247605,21.209893798828148,20.878293722926998,3,11,86.9009900990099,77.0
32,163,WOA_Nitrate,32.6,2.069411745546136,4.960737228393555,4.096299950386244,3,11,86.9009900990099,77.0
31,236,Depth_GEBCO,47.199999999999996,1390.3916806699335,-824.5,-1307.1949152542372,3,11,86.9009900990099,77.0
34,193,Depth_GEBCO,38.6,1873.6781349672176,-501.0,-1700.4093264248704,3,12,35.6,7.0
35,182,WOA_Nitrate,36.4,2.6171710942706667,2.4695305824279785,3.5043839434734902,3,12,35.6,7.0
36,125,WOA_TEMP_K,25.0,4.254421675770525,19.325189208984398,21.47053320312502,3,12,35.6,7.0
39,141,Depth_GEBCO,28.199999999999996,2289.8538402928143,-740.5,-2182.528368794326,3,13,108.26241134751773,101.0
37,181,WOA_Nitrate,36.199999999999996,2.3930537350811694,1.6827750205993652,2.1767307953620896,3,13,108.26241134751773,101.0
38,178,WOA_TEMP_K,35.6,3.9704324413281435,25.629754638671898,24.884879020090874,3,13,108.26241134751773,101.0
41,173,Depth_GEBCO,34.599999999999994,1996.0583638092248,-215.5,-1566.8757225433526,3,14,61.388489208633096,26.0
42,139,WOA_TEMP_K,27.800000000000004,3.5627718458370734,24.821313476562523,23.545264637899077,3,14,61.388489208633096,26.0
40,188,WOA_Nitrate,37.6,2.531994942245254,0.48152750730514526,2.177191339864178,3,14,61.388489208633096,26.0
44,153,Depth_GEBCO,30.599999999999998,1722.9739306187066,-414.5,-1254.9771241830065,3,15,68.63559322033899,70.0
45,118,WOA_Nitrate,23.599999999999998,7.659009522804085,7.614944934844971,9.135079032851984,3,15,68.63559322033899,70.0
43,229,WOA_TEMP_K,45.800000000000004,3.595646516619,6.099694824218773,6.667242351681927,3,15,68.63559322033899,70.0
46,203,Depth_GEBCO,40.6,1925.8796377792664,-111.5,-1161.0443349753696,4,16,75.24817518248175,74.0
47,160,WOA_TEMP_K,32.0,5.525762107615287,8.513208007812523,9.322158813476586,4,16,75.24817518248175,74.0
48,137,WOA_Nitrate,27.400000000000002,8.982509073109297,6.18040657043457,8.984851742421624,4,16,75.24817518248175,74.0
49,193,WOA_Nitrate,38.6,11.3429922980873,8.040449142456055,13.283987246260741,4,17,50.19205298013245,49.0
50,156,WOA_TEMP_K,31.2,6.638425721693743,5.767175292968773,6.448576863606793,4,17,50.19205298013245,49.0
51,151,Depth_GEBCO,30.2,2301.265515854084,-121.5,-1851.976821192053,4,17,50.19205298013245,49.0
52,224,Depth_GEBCO,44.800000000000004,2164.599316051608,-3693.0,-2404.0848214285716,4,18,50.40650406504065,34.0
53,153,WOA_Nitrate,30.599999999999998,10.403177518468818,7.2073655128479,10.967721872713442,4,18,50.40650406504065,34.0
54,123,WOA_TEMP_K,24.6,6.2300221108532545,10.915399169921898,8.966268995331575,4,18,50.40650406504065,34.0
57,140,WOA_TEMP_K,28.000000000000004,7.020938871914182,1.0451904296875227,4.7461979457310495,4,19,37.55,33.5
56,145,WOA_Nitrate,28.999999999999996,11.109687398939649,16.95843505859375,16.050919711332895,4,19,37.55,33.5
55,215,Depth_GEBCO,43.0,950.2366523552138,-2.0,-229.77209302325582,4,19,37.55,33.5
58,259,Depth_GEBCO,51.800000000000004,1301.7336375056452,-2.0,-478.1969111969112,4,20,21.076923076923077,10.0
59,137,WOA_Nitrate,27.400000000000002,10.491621717114242,16.07701301574707,15.861374031126934,4,20,21.076923076923077,10.0
60,104,WOA_TEMP_K,20.8,6.158232103226075,4.404748535156273,5.706750781719524,4,20,21.076923076923077,10.0
61,191,Depth_GEBCO,38.2,1938.162828692048,-8.0,-1091.6178010471203,4,21,15.705882352941176,7.0
62,156,WOA_Nitrate,31.2,7.149467652814559,12.698765754699707,10.565669587598396,4,21,15.705882352941176,7.0
63,153,WOA_TEMP_K,30.599999999999998,5.7634925469467335,5.580895996093773,6.647102585337543,4,21,15.705882352941176,7.0
64,185,Depth_GEBCO,37.0,653.7251443351979,-11.5,-154.6081081081081,4,22,22.475524475524477,15.0
65,172,WOA_TEMP_K,34.4,5.388703919243745,5.835168457031273,7.241007179437704,4,22,22.475524475524477,15.0
66,143,WOA_Nitrate,28.599999999999998,8.063860568511062,3.621929168701172,7.360609589965193,4,22,22.475524475524477,15.0
69,142,Depth_GEBCO,28.4,1956.9528292441096,-2672.0,-2371.5,4,23,38.11971830985915,40.0
68,143,WOA_Nitrate,28.599999999999998,1.549808412836633,1.7181329727172852,2.0814036230387334,4,23,38.11971830985915,40.0
67,215,WOA_TEMP_K,43.0,2.2744458947728496,21.157556152343773,20.718623529478577,4,23,38.11971830985915,40.0
70,267,Depth_GEBCO,53.400000000000006,1723.3218555755368,-162.5,-1122.7209737827716,4,24,29.325842696629213,9.0
71,144,WOA_Nitrate,28.799999999999997,2.340835894329981,0.9445004165172577,1.9186870486785967,4,24,29.325842696629213,9.0
72,89,WOA_TEMP_K,17.8,3.1602893289029685,20.031701660156273,20.815747276049002,4,24,29.325842696629213,9.0
73,197,Depth_GEBCO,39.4,2106.9419772059073,-228.0,-1649.215736040609,4,25,62.060810810810814,49.5
74,155,WOA_TEMP_K,31.0,4.448119910995504,20.031701660156273,22.008681758757582,4,25,62.060810810810814,49.5
75,148,WOA_Nitrate,29.599999999999998,2.7713669098928855,0.1453382819890976,2.060070119785598,4,25,62.060810810810814,49.5
78,138,WOA_Nitrate,27.6,2.779316940035462,2.4695305824279785,3.00163487608855,4,26,36.44927536231884,11.0
77,149,WOA_TEMP_K,29.799999999999997,4.132995868798978,19.325189208984398,21.376369235659624,4,26,36.44927536231884,11.0
76,213,Depth_GEBCO,42.6,1904.829193439291,-157.5,-1323.2535211267605,4,26,36.44927536231884,11.0
79,208,Depth_GEBCO,41.6,2381.039427905504,-284.0,-2033.5024038461538,4,27,70.99186991869918,44.0
80,169,WOA_TEMP_K,33.800000000000004,3.650677371485463,25.499597167968773,24.534960359652388,4,27,70.99186991869918,44.0
81,123,WOA_Nitrate,24.6,2.0502772433831287,0.10300430655479431,1.0787250439000384,4,27,70.99186991869918,44.0
82,210,Depth_GEBCO,42.0,2097.481048199576,-67.75,-1647.9928571428572,4,28,47.47857142857143,13.5
83,150,WOA_Nitrate,30.0,2.2132059984632364,0.2724786400794983,1.6757080584516129,4,28,47.47857142857143,13.5
84,140,WOA_TEMP_K,28.000000000000004,3.8555780434987197,25.259484863281273,24.278907775878924,4,28,47.47857142857143,13.5
86,152,WOA_Nitrate,30.4,2.078404467902353,0.22569595277309418,1.4862150737623636,4,29,31.825174825174827,13.0
87,143,WOA_TEMP_K,28.599999999999998,3.2074521262701103,25.395654296875023,24.700965379835026,4,29,31.825174825174827,13.0
85,205,Depth_GEBCO,41.0,1673.5077477713655,-5.0,-854.6585365853658,4,29,31.825174825174827,13.0
89,127,WOA_Nitrate,25.4,2.699548915745029,1.148885726928711,2.4941646890260105,4,30,24.934426229508198,5.5
90,122,WOA_TEMP_K,24.4,3.176892333314176,26.672784423828148,25.453958380026915,4,30,24.934426229508198,5.5
88,251,Depth_GEBCO,50.2,1623.0987088471713,-14.5,-889.5657370517928,4,30,24.934426229508198,5.5
92,173,WOA_TEMP_K,34.599999999999994,4.0829078754947234,6.071862792968773,6.980810511594585,4,31,40.46987951807229,29.0
93,83,WOA_Nitrate,16.6,9.00801640778755,7.578326225280762,9.494050136890756,4,31,40.46987951807229,29.0
91,244,Depth_GEBCO,48.8,1301.0711360017517,-2.0,-592.1659836065573,4,31,40.46987951807229,29.0
94,284,Depth_GEBCO,56.8,1722.3361244716593,-2.0,-827.5369718309859,5,32,53.67777777777778,51.5
95,126,WOA_TEMP_K,25.2,4.867802011806307,8.340661621093773,8.680314757331987,5,32,53.67777777777778,51.5
96,90,WOA_Nitrate,18.0,8.903073935403231,6.141571998596191,8.848167953723006,5,32,53.67777777777778,51.5
97,204,Depth_GEBCO,40.8,2090.032289230672,-124.25,-1494.5808823529412,5,33,43.48299319727891,38.0
98,149,WOA_TEMP_K,29.799999999999997,5.562552389982783,11.649560546875023,10.464796068844402,5,33,43.48299319727891,38.0
99,147,WOA_Nitrate,29.4,9.036156663676707,5.933121681213379,7.5750374240027805,5,33,43.48299319727891,38.0
100,229,Depth_GEBCO,45.800000000000004,1929.1484289724958,-107.5,-1333.198689956332,5,34,42.28333333333333,39.0
101,151,WOA_Nitrate,30.2,10.053574438190706,6.244857311248779,9.283010579497608,5,34,42.28333333333333,39.0
102,120,WOA_TEMP_K,24.0,6.155498536951126,11.469903564453148,11.050083923339866,5,34,42.28333333333333,39.0
105,146,WOA_TEMP_K,29.2,6.729502133742764,6.137170410156273,6.860718358706144,5,35,29.34246575342466,18.0
104,170,WOA_Nitrate,34.0,11.906235816452789,13.587257385253906,14.478852296160424,5,35,29.34246575342466,18.0
103,184,Depth_GEBCO,36.8,2019.4295191461288,-90.25,-1363.2934782608695,5,35,29.34246575342466,18.0
106,211,Depth_GEBCO,42.199999999999996,1561.1806460144055,-19.5,-852.3909952606635,5,36,40.51063829787234,30.0
107,148,WOA_Nitrate,29.599999999999998,12.275412987463898,16.953454971313477,15.876655553895477,5,36,40.51063829787234,30.0
108,141,WOA_TEMP_K,28.199999999999996,6.522304150114311,4.404748535156273,6.259811682734952,5,36,40.51063829787234,30.0
109,243,Depth_GEBCO,48.6,2240.1374090557956,-97.5,-1777.2201646090534,5,37,23.8359375,22.0
110,129,WOA_TEMP_K,25.8,6.116163682754213,10.050042724609398,9.24387595006664,5,37,23.8359375,22.0
111,128,WOA_Nitrate,25.6,10.59539795994609,13.270417213439941,13.86715949815698,5,37,23.8359375,22.0
112,225,Depth_GEBCO,45.0,1646.820215353342,-62.0,-932.7533333333333,5,38,32.86821705426357,21.0
113,146,WOA_Nitrate,29.2,10.774251623768794,8.189209938049316,12.867806527916699,5,38,32.86821705426357,21.0
114,129,WOA_TEMP_K,25.8,6.579825437416431,6.645349121093773,7.477991432367392,5,38,32.86821705426357,21.0
117,98,WOA_TEMP_K,19.6,6.7357471509835705,-0.019918823242164763,3.7418917908960685,5,39,21.663265306122447,15.0
116,111,WOA_Nitrate,22.2,8.914583468099778,15.632582664489746,14.460110074899218,5,39,21.663265306122447,15.0
115,291,Depth_GEBCO,58.199999999999996,855.5227799558257,-2.0,-212.90893470790377,5,39,21.663265306122447,15.0
118,324,Depth_GEBCO,64.8,810.1935137513177,-2.0,-189.95524691358025,5,40,21.79310344827586,13.0
119,89,WOA_Nitrate,17.8,9.631560344411245,17.815929412841797,18.569997792665877,5,40,21.79310344827586,13.0
120,87,WOA_TEMP_K,17.4,7.102258103901339,0.011590576171897737,4.078855878457278,5,40,21.79310344827586,13.0
121,353,Depth_GEBCO,70.6,977.7265166483719,-2.0,-263.09206798866853,5,41,14.632352941176471,8.0
122,79,WOA_Nitrate,15.8,10.21251246795453,16.95843505859375,13.815882447399671,5,41,14.632352941176471,8.0
123,68,WOA_TEMP_K,13.600000000000001,6.543310262421437,0.6840301513672102,4.577506300982329,5,41,14.632352941176471,8.0
124,370,Depth_GEBCO,74.0,789.0820097327893,-2.0,-189.37027027027028,5,42,21.53846153846154,9.0
125,65,WOA_Nitrate,13.0,11.035513956639953,17.116249084472656,14.84127606520286,5,42,21.53846153846154,9.0
126,65,WOA_TEMP_K,13.0,5.7801053944780065,1.1521850585937727,3.71751145582935,5,42,21.53846153846154,9.0
129,93,WOA_Nitrate,18.6,7.709356821154264,7.156680107116699,9.771052320798239,5,43,13.236559139784946,10.0
128,102,WOA_TEMP_K,20.4,6.120226714117422,5.209878540039085,6.622398406384061,5,43,13.236559139784946,10.0
127,305,Depth_GEBCO,61.0,1350.8358522663364,-2.0,-429.09180327868853,5,43,13.236559139784946,10.0
130,326,Depth_GEBCO,65.2,900.5619576562352,-2.0,-207.75613496932516,5,44,17.79268292682927,11.0
131,92,WOA_TEMP_K,18.4,6.233244911842488,5.84119567871096,6.303344593877401,5,44,17.79268292682927,11.0
132,82,WOA_Nitrate,16.400000000000002,8.391005750141845,8.921346664428711,11.055871947146043,5,44,17.79268292682927,11.0
133,204,Depth_GEBCO,40.8,957.0307380354221,-2.0,-282.3014705882353,5,45,16.3,8.0
134,176,WOA_TEMP_K,35.199999999999996,5.897000806699745,5.600671386718773,7.4446884155273665,5,45,16.3,8.0
135,120,WOA_Nitrate,24.0,8.56027200716312,3.621929168701172,8.017052897190053,5,45,16.3,8.0
136,234,Depth_GEBCO,46.800000000000004,173.4772633126058,-2.0,-28.237179487179485,5,46,13.753846153846155,9.5
137,136,WOA_Nitrate,27.200000000000003,8.10197830111719,3.6338610649108887,8.09287395547418,5,46,13.753846153846155,9.5
138,130,WOA_TEMP_K,26.0,5.928351501864591,7.084069824218773,8.413935969426104,5,46,13.753846153846155,9.5
141,150,WOA_TEMP_K,30.0,2.6446157017620515,19.182550048828148,19.50857462565106,5,47,37.44,36.5
140,175,WOA_Nitrate,35.0,1.3553233033466197,0.5921763181686401,1.37849645322987,5,47,37.44,36.5
139,175,Depth_GEBCO,35.0,2019.1669340562723,-3117.0,-2699.54,5,47,37.44,36.5
142,210,Depth_GEBCO,42.0,1795.0690994416718,-2041.5,-1922.5,5,48,16.9568345323741,12.0
143,151,WOA_Nitrate,30.2,1.3553469178289514,1.717494010925293,1.5933630470470186,5,48,16.9568345323741,12.0
144,139,WOA_TEMP_K,27.800000000000004,2.5536582780668415,20.798608398437523,20.988577468103664,5,48,16.9568345323741,12.0
145,236,Depth_GEBCO,47.199999999999996,1681.6968181058699,-2.0,-926.6271186440678,5,49,21.646551724137932,12.0
146,148,WOA_TEMP_K,29.599999999999998,2.2693302360213807,19.618920898437523,20.165813219225104,5,49,21.646551724137932,12.0
147,116,WOA_Nitrate,23.200000000000003,2.0563845904830966,0.27178582549095154,1.2544431981453994,5,49,21.646551724137932,12.0
149,129,WOA_Nitrate,25.8,2.422445383774004,0.2893710732460022,1.7781155361440177,5,50,28.917355371900825,20.0
150,121,WOA_TEMP_K,24.2,3.043308448744266,19.499597167968773,20.11363429550299,5,50,28.917355371900825,20.0
148,250,Depth_GEBCO,50.0,1567.2414192167184,-2.0,-756.666,5,50,28.917355371900825,20.0
151,262,Depth_GEBCO,52.400000000000006,2000.4553335406372,-2.0,-1120.4599236641222,5,51,26.145454545454545,14.0
152,128,WOA_TEMP_K,25.6,4.384571211479516,23.242150878906273,22.9647737503052,5,51,26.145454545454545,14.0
153,110,WOA_Nitrate,22.0,2.2333033012310537,0.09169784188270569,1.1432824364884502,5,51,26.145454545454545,14.0
154,263,Depth_GEBCO,52.6,1637.8677487140394,-2.0,-835.8517110266159,5,52,36.526315789473685,12.5
155,123,WOA_TEMP_K,24.6,4.5716318902519895,22.804711914062523,22.294307901025807,5,52,36.526315789473685,12.5
156,114,WOA_Nitrate,22.8,2.132986658245271,0.2589055895805359,1.5457610223899807,5,52,36.526315789473685,12.5
159,103,WOA_Nitrate,20.599999999999998,2.7894268828566218,0.29921188950538635,2.374913060497402,5,53,24.689320388349515,8.0
157,287,Depth_GEBCO,57.4,1580.1000700867094,-2.0,-727.4564459930314,5,53,24.689320388349515,8.0
158,110,WOA_TEMP_K,22.0,4.452581989158498,23.581460571289085,22.521920776367203,5,53,24.689320388349515,8.0
162,96,WOA_Nitrate,19.2,2.8462832684442683,2.850832939147949,3.312801765210073,5,54,28.072916666666668,7.0
161,106,WOA_TEMP_K,21.2,4.50036337061494,20.031701660156273,21.854393091741617,5,54,28.072916666666668,7.0
160,298,Depth_GEBCO,59.599999999999994,1502.2355839324248,-2.0,-655.9463087248322,5,54,28.072916666666668,7.0
163,248,Depth_GEBCO,49.6,2432.3300555640217,-2.0,-1893.0282258064517,5,55,33.51923076923077,15.0
164,148,WOA_TEMP_K,29.599999999999998,2.9910276491056327,24.275918579101585,23.80466386949696,5,55,33.51923076923077,15.0
165,104,WOA_Nitrate,20.8,1.1304176919445594,0.07721173018217087,0.4642510233142485,5,55,33.51923076923077,15.0
166,251,Depth_GEBCO,50.2,2197.463998055259,-2.0,-1561.2509960159362,5,56,48.902654867256636,17.0
167,136,WOA_Nitrate,27.200000000000003,1.779710783399265,0.18201261013746262,1.157031285114285,5,56,48.902654867256636,17.0
168,113,WOA_TEMP_K,22.6,3.815969967638152,25.259484863281273,24.406748921892305,5,56,48.902654867256636,17.0
170,105,WOA_TEMP_K,21.0,3.8636860224447425,25.575585937500023,24.584541829427106,6,57,36.46875,10.0
171,96,WOA_Nitrate,19.2,2.0258521611786446,0.18653099238872528,1.1998016544918453,6,57,36.46875,10.0
169,299,Depth_GEBCO,59.8,1858.4527354156646,-2.0,-930.5635451505017,6,57,36.46875,10.0
172,279,Depth_GEBCO,55.800000000000004,1539.3557804397815,-2.0,-706.2706093189964,6,58,21.010526315789473,6.0
173,126,WOA_Nitrate,25.2,2.263342258660711,0.41982249915599823,1.929315269229904,6,58,21.010526315789473,6.0
174,95,WOA_TEMP_K,19.0,3.4119798498158573,26.367578125000023,25.41274831671465,6,58,21.010526315789473,6.0
175,290,Depth_GEBCO,57.99999999999999,1452.5329709324965,-2.0,-626.3810344827587,6,59,38.438202247191015,14.0
176,121,WOA_TEMP_K,24.2,3.053604806004496,25.618005371093773,25.0746577995868,6,59,38.438202247191015,14.0
177,89,WOA_Nitrate,17.8,2.0011741496499016,0.13621950149536133,0.929934957090849,6,59,38.438202247191015,14.0
180,99,WOA_Nitrate,19.8,1.9045579310941316,0.20025569200515747,1.2284500399002372,6,60,17.656565656565657,9.0
178,300,Depth_GEBCO,60.0,1574.3389121366333,-2.0,-774.41,6,60,17.656565656565657,9.0
179,101,WOA_TEMP_K,20.200000000000003,2.932073686677299,25.951745605468773,25.566964570602586,6,60,17.656565656565657,9.0
182,99,WOA_Nitrate,19.8,2.0131720380251594,0.23381514847278595,1.3999151254844184,6,61,24.04494382022472,7.0
183,89,WOA_TEMP_K,17.8,2.2582597962102375,26.293695068359398,25.81673789720859,6,61,24.04494382022472,7.0
181,312,Depth_GEBCO,62.4,1399.110624737081,-2.0,-561.8189102564103,6,61,24.04494382022472,7.0
185,94,WOA_Nitrate,18.8,2.5452804789368244,0.2589055895805359,1.9024675401482494,6,62,14.694117647058823,5.0
186,85,WOA_TEMP_K,17.0,2.2264009609658775,26.632501220703148,26.36107285443476,6,62,14.694117647058823,5.0
184,321,Depth_GEBCO,64.2,1163.0888799923575,-2.0,-383.44236760124613,6,62,14.694117647058823,5.0
188,90,WOA_TEMP_K,18.0,4.192961931501436,6.174645996093773,7.306399536132835,6,63,20.319148936170212,9.0
189,47,WOA_Nitrate,9.4,9.22557799888844,3.846968650817871,8.190545847996118,6,63,20.319148936170212,9.0
187,363,Depth_GEBCO,72.6,1318.0298948560414,-2.0,-444.2754820936639,6,63,20.319148936170212,9.0
190,381,Depth_GEBCO,76.2,1254.8077727952425,-2.0,-406.16010498687666,6,64,26.54901960784314,13.0
191,68,WOA_TEMP_K,13.600000000000001,4.519174247538496,8.898004150390648,9.335522101907191,6,64,26.54901960784314,13.0
192,51,WOA_Nitrate,10.2,9.647692775547009,6.132074356079102,10.026392065426883,6,64,26.54901960784314,13.0
193,333,Depth_GEBCO,66.60000000000001,1265.3263000294228,-2.0,-428.32732732732734,6,65,36.10843373493976,35.0
194,84,WOA_TEMP_K,16.8,4.6256187867233844,8.136621093750023,7.722600737072195,6,65,36.10843373493976,35.0
195,83,WOA_Nitrate,16.6,9.778606155905377,6.103616237640381,9.356901209038424,6,65,36.10843373493976,35.0
196,333,Depth_GEBCO,66.60000000000001,1492.643292564467,-2.0,-586.0930930930931,6,66,33.532467532467535,24.0
197,90,WOA_Nitrate,18.0,11.104688186139553,6.472914934158325,11.113191733178166,6,66,33.532467532467535,24.0
198,77,WOA_TEMP_K,15.4,5.071890218686008,10.678002929687523,10.308849225725469,6,66,33.532467532467535,24.0
201,103,WOA_Nitrate,20.599999999999998,9.31874367071105,6.274127960205078,8.99557980511663,6,67,25.271844660194176,22.0
200,168,WOA_TEMP_K,33.6,5.470617523017915,9.817407226562523,9.413235691615537,6,67,25.271844660194176,22.0
199,229,Depth_GEBCO,45.800000000000004,1790.4450690315775,-2.0,-970.2532751091703,6,67,25.271844660194176,22.0
202,277,Depth_GEBCO,55.400000000000006,1355.481060023934,-2.0,-587.8032490974729,6,68,42.349514563106794,37.0
203,120,WOA_Nitrate,24.0,9.253162348962244,5.452399253845215,8.34861660040915,6,68,42.349514563106794,37.0
204,103,WOA_TEMP_K,20.599999999999998,6.107107365799688,8.513208007812523,8.649828094186157,6,68,42.349514563106794,37.0
205,266,Depth_GEBCO,53.2,1714.686113771709,-2.0,-812.8082706766917,6,69,28.38532110091743,28.0
206,125,WOA_TEMP_K,25.0,5.676886585199021,9.982507324218773,9.553554931640644,6,69,28.38532110091743,28.0
207,109,WOA_Nitrate,21.8,10.668359191665266,5.661482334136963,10.137322246276458,6,69,28.38532110091743,28.0
208,286,Depth_GEBCO,57.199999999999996,1372.8317644046863,-2.0,-604.0122377622378,6,70,27.367924528301888,26.5
209,108,WOA_TEMP_K,21.6,5.9507652422547785,9.60267028808596,9.489879579897304,6,70,27.367924528301888,26.5
210,106,WOA_Nitrate,21.2,10.492492169400265,6.283805847167969,10.128925151982397,6,70,27.367924528301888,26.5
213,113,WOA_TEMP_K,22.6,6.600981186477036,8.061120605468773,7.113725078211444,6,71,16.920353982300885,7.0
212,124,WOA_Nitrate,24.8,10.198623344287157,15.632582664489746,14.66650974966826,6,71,16.920353982300885,7.0
211,263,Depth_GEBCO,52.6,1386.0369458605335,-2.0,-604.8155893536122,6,71,16.920353982300885,7.0
214,287,Depth_GEBCO,57.4,1267.0455293443272,-2.0,-507.0574912891986,6,72,21.419354838709676,10.0
215,120,WOA_Nitrate,24.0,11.766981087143343,18.44904327392578,16.156244374159723,6,72,21.419354838709676,10.0
216,93,WOA_TEMP_K,18.6,6.7135179032647425,7.747552490234398,6.855424909694243,6,72,21.419354838709676,10.0
217,277,Depth_GEBCO,55.400000000000006,1400.4722845411682,-2.0,-633.4277978339351,6,73,23.64864864864865,15.0
218,112,WOA_TEMP_K,22.400000000000002,6.8171810647775795,8.071832275390648,6.290871102469331,6,73,23.64864864864865,15.0
219,111,WOA_Nitrate,22.2,11.340390798896577,19.997356414794922,16.65446993117934,6,73,23.64864864864865,15.0
220,281,Depth_GEBCO,56.2,1340.4563871998978,-2.0,-601.5889679715302,6,74,20.294117647058822,13.0
221,117,WOA_Nitrate,23.400000000000002,11.178875598245114,7.818384170532227,12.662624452931759,6,74,20.294117647058822,13.0
222,102,WOA_TEMP_K,20.4,6.899388280462177,8.453210449218773,7.517471193799809,6,74,20.294117647058822,13.0
225,96,WOA_Nitrate,19.2,9.254466449332103,12.788700103759766,13.142898185101027,6,75,18.677083333333332,17.0
224,126,WOA_TEMP_K,25.2,6.057806914916446,8.094506835937523,7.803094240218897,6,75,18.677083333333332,17.0
223,278,Depth_GEBCO,55.60000000000001,1895.696308138221,-2.0,-969.6043165467626,6,75,18.677083333333332,17.0
226,297,Depth_GEBCO,59.4,1350.2444262624076,-2.0,-505.1599326599327,6,76,20.11881188118812,9.0
227,102,WOA_TEMP_K,20.4,5.700498385472318,9.61048278808596,9.131064201803792,6,76,20.11881188118812,9.0
228,101,WOA_Nitrate,20.200000000000003,9.931963501585916,10.25821304321289,12.49669700123296,6,76,20.11881188118812,9.0
229,261,Depth_GEBCO,52.2,1405.7680080231494,-2.0,-638.9386973180077,6,77,21.30701754385965,9.0
230,125,WOA_TEMP_K,25.0,6.217377236265682,7.345117187500023,6.887619384765648,6,77,21.30701754385965,9.0
231,114,WOA_Nitrate,22.8,10.546427351429177,13.959158420562744,13.91135884625347,6,77,21.30701754385965,9.0
232,269,Depth_GEBCO,53.800000000000004,1117.0158855961693,-2.0,-421.9553903345725,6,78,21.646464646464647,13.0
233,132,WOA_TEMP_K,26.400000000000002,6.086038814350851,8.241601562500023,7.967559028394318,6,78,21.646464646464647,13.0
234,99,WOA_Nitrate,19.8,9.9444781370901,14.3745756149292,14.367914493788373,6,78,21.646464646464647,13.0
237,57,WOA_Nitrate,11.4,8.750376812656107,15.632582664489746,14.491287113804566,6,79,18.140350877192983,14.0
236,79,WOA_TEMP_K,15.8,6.300458882517617,-0.39746704101560226,3.076441974881352,6,79,18.140350877192983,14.0
235,364,Depth_GEBCO,72.8,590.4547591281182,-2.0,-117.94368131868131,6,79,18.140350877192983,14.0
238,355,Depth_GEBCO,71.0,527.4982923275963,-2.0,-80.36197183098592,6,80,15.292307692307693,10.0
239,80,WOA_Nitrate,16.0,7.765797790047602,18.44904327392578,18.23534045368433,6,80,15.292307692307693,10.0
240,65,WOA_TEMP_K,13.0,6.239348749724178,-0.6102050781249773,2.5370366023137247,6,80,15.292307692307693,10.0
241,376,Depth_GEBCO,75.2,861.1617990616634,-2.0,-203.0718085106383,6,81,18.339285714285715,8.0
242,68,WOA_TEMP_K,13.600000000000001,6.942967292767998,-0.07590332031247726,4.135293130313672,6,81,18.339285714285715,8.0
243,56,WOA_Nitrate,11.200000000000001,10.37240899480005,18.13248634338379,17.23228987838541,6,81,18.339285714285715,8.0
244,403,Depth_GEBCO,80.60000000000001,494.46893699838114,-2.0,-90.12531017369727,6,82,15.74468085106383,10.0
245,50,WOA_TEMP_K,10.0,7.076589822305834,0.9061981201172102,5.104171752929711,6,82,15.74468085106383,10.0
246,47,WOA_Nitrate,9.4,9.695776817999196,15.632582664489746,12.656128282876725,6,82,15.74468085106383,10.0
249,42,WOA_Nitrate,8.4,8.370040451660147,17.815929412841797,16.640058404632978,6,83,16.571428571428573,8.5
248,49,WOA_TEMP_K,9.8,6.8040397304748454,0.8686157226562727,4.742992914939436,6,83,16.571428571428573,8.5
247,409,Depth_GEBCO,81.8,871.9845269923849,-2.0,-196.29462102689487,6,83,16.571428571428573,8.5
250,414,Depth_GEBCO,82.8,446.7840894385965,-2.0,-71.17149758454106,6,84,12.071428571428571,7.0
251,44,WOA_TEMP_K,8.799999999999999,6.507596815829776,3.3190246582031477,5.116632080078148,6,84,12.071428571428571,7.0
252,42,WOA_Nitrate,8.4,9.117255434892046,18.415769577026367,16.119003352664766,6,84,12.071428571428571,7.0
253,404,Depth_GEBCO,80.80000000000001,590.0591529468596,-2.0,-102.22524752475248,6,85,15.74468085106383,8.0
254,49,WOA_TEMP_K,9.8,6.6963803674515345,1.0748840332031477,4.5934038434710045,6,85,15.74468085106383,8.0
255,47,WOA_Nitrate,9.4,11.26607940239095,13.973721504211426,13.890425058755469,6,85,15.74468085106383,8.0
256,408,Depth_GEBCO,81.6,455.0591228412521,-2.0,-80.49877450980392,6,86,12.35135135135135,7.0
257,55,WOA_TEMP_K,11.0,6.426685381041021,2.3912597656250227,5.694905783913375,6,86,12.35135135135135,7.0
258,37,WOA_Nitrate,7.3999999999999995,10.452267000976397,13.422380447387695,13.15643778684977,6,86,12.35135135135135,7.0
261,57,WOA_Nitrate,11.4,8.30515204404394,11.2308931350708,11.900527733982655,6,87,13.280701754385966,9.0
260,63,WOA_TEMP_K,12.6,5.504077584312202,7.616143798828148,8.491946459573436,6,87,13.280701754385966,9.0
259,380,Depth_GEBCO,76.0,1015.0514033772159,-2.0,-217.9907894736842,6,87,13.280701754385966,9.0
262,382,Depth_GEBCO,76.4,714.029500294935,-2.0,-124.71858638743456,6,88,10.418181818181818,6.0
263,63,WOA_TEMP_K,12.6,5.996592343239142,7.596246337890648,8.543522619822692,6,88,10.418181818181818,6.0
264,55,WOA_Nitrate,11.0,7.766740493253805,12.007898330688477,11.993622553619472,6,88,10.418181818181818,6.0
265,379,Depth_GEBCO,75.8,570.3873020299327,-2.0,-96.61609498680738,6,89,15.0,7.0
266,72,WOA_TEMP_K,14.399999999999999,6.2032873930159855,6.101861572265648,6.430708821614606,6,89,15.0,7.0
267,49,WOA_Nitrate,9.8,7.659365632019854,7.633156776428223,10.05840886794791,6,89,15.0,7.0
268,389,Depth_GEBCO,77.8,448.15636307570736,-2.0,-55.83804627249357,6,90,13.20754716981132,7.0
269,58,WOA_Nitrate,11.600000000000001,8.216767656832886,13.10256814956665,12.477838569673999,6,90,13.20754716981132,7.0
270,53,WOA_TEMP_K,10.6,6.4341304903042404,6.808129882812523,8.076198016472606,6,90,13.20754716981132,7.0
273,86,WOA_TEMP_K,17.2,5.333736444582796,5.288842773437523,6.732364672283817,6,91,11.337209302325581,4.0
272,99,WOA_Nitrate,19.8,8.703726054366772,5.7675862312316895,9.636576536177385,6,91,11.337209302325581,4.0
271,315,Depth_GEBCO,63.0,771.5628171679307,-2.0,-172.35396825396825,6,91,11.337209302325581,4.0
274,368,Depth_GEBCO,73.6,333.1759971571629,-2.0,-60.76222826086956,6,92,12.981481481481481,7.0
275,78,WOA_TEMP_K,15.6,6.1726345201729345,7.752221679687523,8.367362545698139,6,92,12.981481481481481,7.0
276,54,WOA_Nitrate,10.8,8.857738165068898,8.047864437103271,9.51614901782186,6,92,12.981481481481481,7.0
277,313,Depth_GEBCO,62.6,513.3263685488787,-2.0,-88.06389776357827,7,93,10.012048192771084,6.0
278,104,WOA_Nitrate,20.8,6.565181752050803,3.621929168701172,6.4629856537167845,7,93,10.012048192771084,6.0
279,83,WOA_TEMP_K,16.6,6.060592014934711,9.022729492187523,9.191482507177168,7,93,10.012048192771084,6.0
280,327,Depth_GEBCO,65.4,43.88196802435027,-2.0,-8.711009174311927,7,94,10.25,7.0
281,89,WOA_Nitrate,17.8,7.69531187004081,5.6562347412109375,8.93176513977265,7,94,10.25,7.0
282,84,WOA_TEMP_K,16.8,5.95169750694614,7.084069824218773,8.840119934082054,7,94,10.25,7.0
285,135,WOA_Nitrate,27.0,0.9147490696925527,0.36807408928871155,0.7143086057897933,7,95,21.348148148148148,19.0
283,220,Depth_GEBCO,44.0,2167.695837897041,-2674.5,-2338.365909090909,7,95,21.348148148148148,19.0
284,145,WOA_TEMP_K,28.999999999999996,2.305207429844557,19.176538085937523,19.16054161334862,7,95,21.348148148148148,19.0
286,246,Depth_GEBCO,49.2,1997.8246043449938,-2026.0,-1985.9268292682927,7,96,20.078260869565216,16.0
287,139,WOA_TEMP_K,27.800000000000004,2.1510846395448517,19.361779785156273,19.60079609164233,7,96,20.078260869565216,16.0
288,115,WOA_Nitrate,23.0,1.3432126538889801,0.7306399345397949,1.2836870081560767,7,96,20.078260869565216,16.0
289,276,Depth_GEBCO,55.2,2003.3803600273582,-2.0,-1722.3514492753623,7,97,11.642857142857142,8.0
290,126,WOA_TEMP_K,25.2,2.1292023949728387,20.807550048828148,20.82931223067028,7,97,11.642857142857142,8.0
291,98,WOA_Nitrate,19.6,1.7022581717653287,0.35344845056533813,1.2521399072399932,7,97,11.642857142857142,8.0
293,114,WOA_Nitrate,22.8,1.5401303392792978,0.4040489047765732,1.303269715595729,7,98,11.10377358490566,5.5
294,106,WOA_TEMP_K,21.2,2.2471106933024934,21.045129394531273,20.9799360743109,7,98,11.10377358490566,5.5
292,280,Depth_GEBCO,56.00000000000001,1711.1291891969279,-2.0,-1087.8446428571428,7,98,11.10377358490566,5.5
295,308,Depth_GEBCO,61.6,1498.4731369958604,-2.0,-625.112012987013,7,99,12.585106382978724,6.0
296,98,WOA_Nitrate,19.6,1.2584844471229344,0.1956164836883545,0.7248644655955271,7,99,12.585106382978724,6.0
297,94,WOA_TEMP_K,18.8,2.799169165807052,20.369973754882835,20.9446622807929,7,99,12.585106382978724,6.0
298,296,Depth_GEBCO,59.199999999999996,1218.9518266493178,-2.0,-442.2939189189189,7,100,10.356435643564357,6.0
299,103,WOA_TEMP_K,20.599999999999998,2.518293722731063,20.031701660156273,20.603777661369858,7,100,10.356435643564357,6.0
300,101,WOA_Nitrate,20.200000000000003,1.2187472397601213,0.1956164836883545,0.6940273865688555,7,100,10.356435643564357,6.0
303,79,WOA_Nitrate,15.8,1.3787203830188317,0.38351163268089294,0.9741557140516329,7,101,14.291139240506329,8.0
301,330,Depth_GEBCO,66.0,1173.9636702286673,-2.0,-360.0621212121212,7,101,14.291139240506329,8.0
302,91,WOA_TEMP_K,18.2,3.0638036092738057,19.445092773437523,20.25602027976908,7,101,14.291139240506329,8.0
305,107,WOA_TEMP_K,21.4,3.481474984225235,19.560784912109398,20.334240380403056,7,102,24.081967213114755,16.0
306,61,WOA_Nitrate,12.2,1.7838481386057607,0.3541419208049774,1.3722381027507,7,102,24.081967213114755,16.0
304,332,Depth_GEBCO,66.4,1047.7734020890532,-2.0,-303.08584337349396,7,102,24.081967213114755,16.0
307,319,Depth_GEBCO,63.800000000000004,1787.9019536461772,-2.0,-834.5815047021944,7,103,20.112676056338028,8.0
308,110,WOA_TEMP_K,22.0,4.138328226567457,23.187966918945335,22.402652809836663,7,103,20.112676056338028,8.0
309,71,WOA_Nitrate,14.2,1.4490794823333195,0.05448946729302406,0.47558176348274445,7,103,20.112676056338028,8.0
310,338,Depth_GEBCO,67.60000000000001,1700.6164188353937,-2.0,-744.9334319526628,7,104,20.271428571428572,9.0
311,92,WOA_TEMP_K,18.4,4.39649972939564,23.905206298828148,23.112770611306914,7,104,20.271428571428572,9.0
312,70,WOA_Nitrate,14.000000000000002,1.6511026495268357,0.15321537852287292,0.9274728530286146,7,104,20.271428571428572,9.0
315,75,WOA_Nitrate,15.0,2.168799318170626,0.2589055895805359,1.4546572919065754,7,105,24.946666666666665,8.0
313,339,Depth_GEBCO,67.80000000000001,1484.0152039520126,-2.0,-536.098820058997,7,105,24.946666666666665,8.0
314,86,WOA_TEMP_K,17.2,4.131140498283721,24.33686218261721,23.953506398755465,7,105,24.946666666666665,8.0
318,79,WOA_Nitrate,15.8,1.9454454396879481,0.3711264729499817,1.4870472544026148,7,106,25.227848101265824,8.0
317,88,WOA_TEMP_K,17.599999999999998,4.759480927666608,23.043252563476585,22.7883257085627,7,106,25.227848101265824,8.0
316,333,Depth_GEBCO,66.60000000000001,1308.1874398137375,-2.0,-459.14864864864865,7,106,25.227848101265824,8.0
319,354,Depth_GEBCO,70.8,1040.6657806544692,-2.0,-278.8672316384181,7,107,15.507692307692308,6.0
320,81,WOA_TEMP_K,16.2,4.183312831607326,23.493676757812523,22.04903036988814,7,107,15.507692307692308,6.0
321,65,WOA_Nitrate,13.0,2.152500156886315,0.2139158397912979,1.2939392696063106,7,107,15.507692307692308,6.0
324,66,WOA_Nitrate,13.200000000000001,1.9997817907125242,0.2562183290719986,1.4839491952972657,7,108,16.0,7.0
322,365,Depth_GEBCO,73.0,987.5919169221736,-2.0,-253.86301369863014,7,108,16.0,7.0
323,69,WOA_TEMP_K,13.8,3.984300701138827,24.105310058593773,22.949206896795758,7,108,16.0,7.0
326,68,WOA_Nitrate,13.600000000000001,2.2414074958939523,0.582827091217041,1.8179756852469462,7,109,14.40677966101695,5.0
327,59,WOA_TEMP_K,11.799999999999999,4.279073299489812,24.076989746093773,22.876766502251076,7,109,14.40677966101695,5.0
325,373,Depth_GEBCO,74.6,1045.258708166291,-2.0,-315.87131367292227,7,109,14.40677966101695,5.0
330,51,WOA_TEMP_K,10.2,4.341254381472628,24.308343505859398,23.376030895756756,7,110,9.686274509803921,4.0
328,398,Depth_GEBCO,79.60000000000001,1282.6156667523094,-2.0,-445.3756281407035,7,110,9.686274509803921,4.0
329,51,WOA_Nitrate,10.2,2.5824830488150727,1.557810664176941,2.456331705126692,7,110,9.686274509803921,4.0
331,293,Depth_GEBCO,58.599999999999994,2055.874612670038,-2.0,-1090.0767918088736,7,111,20.054945054945055,8.0
332,116,WOA_TEMP_K,23.200000000000003,2.501896198689146,23.943505859375023,23.894925295073428,7,111,20.054945054945055,8.0
333,91,WOA_Nitrate,18.2,0.7293681472743153,0.02834203466773033,0.27643110480282335,7,111,20.054945054945055,8.0
334,328,Depth_GEBCO,65.60000000000001,1789.1174083110468,-2.0,-792.3384146341464,7,112,20.22972972972973,7.5
335,98,WOA_Nitrate,19.6,0.6872805673312476,0.08937854319810867,0.3784135806573821,7,112,20.22972972972973,7.5
336,74,WOA_TEMP_K,14.799999999999999,3.4247799271814285,24.358377075195335,24.11733893317147,7,112,20.22972972972973,7.5
338,91,WOA_Nitrate,18.2,0.6772845191239355,0.08161230385303497,0.30466862532545574,7,113,30.707865168539325,14.0
339,89,WOA_TEMP_K,17.8,3.2758349226106596,24.283502197265648,24.154587032018103,7,113,30.707865168539325,14.0
337,320,Depth_GEBCO,64.0,1845.0183418908593,-2.0,-841.1078125,7,113,30.707865168539325,14.0
340,315,Depth_GEBCO,63.0,1811.7901355241142,-2.0,-929.9936507936508,7,114,27.137931034482758,8.0
341,98,WOA_TEMP_K,19.6,3.241287250713777,26.292459106445335,25.488525515186563,7,114,27.137931034482758,8.0
342,87,WOA_Nitrate,17.4,1.7147389501340677,0.2304072380065918,1.2030216969560361,7,114,27.137931034482758,8.0
343,348,Depth_GEBCO,69.6,1377.2590739162163,-2.0,-451.5488505747126,7,115,24.514705882352942,7.0
344,84,WOA_TEMP_K,16.8,3.1539976682665247,25.576501464843773,25.140794735863114,7,115,24.514705882352942,7.0
345,68,WOA_Nitrate,13.600000000000001,1.8896373459893736,0.11994263529777527,1.0448855393264882,7,115,24.514705882352942,7.0
348,76,WOA_Nitrate,15.2,1.9330769438489912,0.2552264779806137,1.3224095604995167,7,116,18.38157894736842,8.0
346,341,Depth_GEBCO,68.2,1223.6039541244859,-2.0,-389.0307917888563,7,116,18.38157894736842,8.0
347,83,WOA_TEMP_K,16.6,3.4683351163280323,25.746301269531273,25.019533235481006,7,116,18.38157894736842,8.0
351,68,WOA_Nitrate,13.600000000000001,1.716615781217157,0.19078053534030914,1.0472077986787018,7,117,18.58823529411765,6.0
349,355,Depth_GEBCO,71.0,1350.4906735295156,-2.0,-452.0056338028169,7,117,18.58823529411765,6.0
350,77,WOA_TEMP_K,15.4,3.182369849475476,26.237756347656273,25.934492076527004,7,117,18.58823529411765,6.0
352,371,Depth_GEBCO,74.2,1311.4691591889425,-2.0,-433.82614555256066,7,118,12.317460317460318,6.0
353,66,WOA_TEMP_K,13.200000000000001,3.02923750858101,27.134240722656273,26.04748202237218,7,118,12.317460317460318,6.0
354,63,WOA_Nitrate,12.6,2.8330054998770464,0.5569487810134888,2.483657747536661,7,118,12.317460317460318,6.0
355,353,Depth_GEBCO,70.6,1280.298081371081,-2.0,-446.0198300283286,7,119,20.457142857142856,10.0
356,77,WOA_TEMP_K,15.4,2.495805373244882,24.412622070312523,24.946244514762597,7,119,20.457142857142856,10.0
357,70,WOA_Nitrate,14.000000000000002,1.5900457534421497,0.10912445932626724,0.6219801067108555,7,119,20.457142857142856,10.0
360,63,WOA_Nitrate,12.6,1.3484854570390252,0.1377807855606079,0.5976197490291226,7,120,13.285714285714286,7.0
358,347,Depth_GEBCO,69.39999999999999,1068.5977881475653,-2.0,-294.70749279538904,7,120,13.285714285714286,7.0
359,90,WOA_TEMP_K,18.0,2.195544255994907,26.761270141601585,25.949776204427103,7,120,13.285714285714286,7.0
361,367,Depth_GEBCO,73.4,1292.0813994090652,-2.0,-433.6975476839237,7,121,10.49090909090909,6.0
362,78,WOA_TEMP_K,15.6,2.5610789784097787,25.740258789062523,25.345750231620606,7,121,10.49090909090909,6.0
363,55,WOA_Nitrate,11.0,1.547248627939314,0.1396206021308899,0.9096714281223037,7,121,10.49090909090909,6.0
364,379,Depth_GEBCO,75.8,1127.9725745739297,-2.0,-359.21635883905014,7,122,9.309090909090909,4.0
365,66,WOA_TEMP_K,13.200000000000001,2.1729629729416544,26.350320434570335,26.212446640477054,7,122,9.309090909090909,4.0
366,55,WOA_Nitrate,11.0,2.0758658577357623,0.47918665409088135,1.85627392814918,7,122,9.309090909090909,4.0
368,77,WOA_TEMP_K,15.4,2.4394132527590493,25.740258789062523,25.366129134537353,7,123,30.64406779661017,14.0
367,364,Depth_GEBCO,72.8,1164.299299805182,-2.0,-374.9478021978022,7,123,30.64406779661017,14.0
369,59,WOA_Nitrate,11.799999999999999,1.2851477910218008,0.15321537852287292,0.7604018609370973,7,123,30.64406779661017,14.0
371,68,WOA_TEMP_K,13.600000000000001,2.192717413835692,26.387231445312523,26.11139876421762,7,124,21.846153846153847,9.0
370,380,Depth_GEBCO,76.0,1193.1177722370896,-2.0,-424.93684210526317,7,124,21.846153846153847,9.0
372,52,WOA_Nitrate,10.4,2.0951702610165635,0.17024314403533936,1.4033689612451081,7,124,21.846153846153847,9.0
374,61,WOA_Nitrate,12.2,2.0985985825076163,0.16297346353530884,1.3980403783746431,7,125,13.339622641509434,8.0
373,386,Depth_GEBCO,77.2,993.6679092823152,-2.0,-264.2759067357513,7,125,13.339622641509434,8.0
375,53,WOA_TEMP_K,10.6,2.364508831284909,26.290551757812523,25.995951181087865,7,125,13.339622641509434,8.0
377,61,WOA_TEMP_K,12.2,1.8782189730912622,26.947259521484398,26.856070996894225,7,126,19.065217391304348,6.0
376,393,Depth_GEBCO,78.60000000000001,790.5967616222501,-2.0,-183.38040712468194,7,126,19.065217391304348,6.0
378,46,WOA_Nitrate,9.2,2.5925912617034363,0.2625422775745392,2.179978925086882,7,126,19.065217391304348,6.0
